Tube Line,From Station,To Station
Bakerloo,Harrow and Wealdstone,Kenton
Bakerloo,Paddington,Edgware Road (Bakerloo)
Bakerloo,Edgware Road (Bakerloo),Marylebone
Bakerloo,Marylebone,Baker Street
Bakerloo,Baker Street,Regents Park
Bakerloo,Regents Park,Oxford Circus
Bakerloo,Oxford Circus,Piccadilly Circus
Bakerloo,Piccadilly Circus,Charing Cross
Bakerloo,Charing Cross,Embankment
Bakerloo,Embankment,Waterloo
Bakerloo,Waterloo,Lambeth North
Bakerloo,Lambeth North,Elephant and Castle
Bakerloo,Warwick Avenue,Paddington
Bakerloo,Maida Vale,Warwick Avenue
Bakerloo,Kenton,South Kenton
Bakerloo,South Kenton,North Wembley
Bakerloo,North Wembley,Wembley Central
Bakerloo,Wembley Central,Stonebridge Park
Bakerloo,Stonebridge Park,Harlesden
Bakerloo,Harlesden,Willesden Junction
Bakerloo,Willesden Junction,Kensal Green
Bakerloo,Kensal Green,Queens Park
Bakerloo,Queens Park,Kilburn Park
Bakerloo,Kilburn Park,Maida Vale
Central,North Acton,West Acton
Central,West Acton,Ealing Broadway
Central,North Acton,Hanger Lane
Central,Hanger Lane,Perivale
Central,Perivale,Greenford
Central,Greenford,Northolt
Central,Northolt,South Ruislip
Central,South Ruislip,Ruislip Gardens
Central,Ruislip Gardens,West Ruislip
Central,Theydon Bois,Debden
Central,Redbridge,Gants Hill
Central,East Acton,North Acton
Central,White City,East Acton
Central,Shepherds Bush,White City
Central,Leytonstone,Leyton
Central,Chigwell,Roding Valley
Central,Grange Hill,Chigwell
Central,Hainault,Grange Hill
Central,Fairlop,Hainault
Central,Barkingside,Fairlop
Central,Newbury Park,Barkingside
Central,Gants Hill,Newbury Park
Central,Wanstead,Redbridge
Central,Leytonstone,Wanstead
Central,Snaresbrook,Leytonstone
Central,South Woodford,Snaresbrook
Central,Woodford,South Woodford
Central,Buckhurst Hill,Woodford
Central,Loughton,Buckhurst Hill
Central,Epping,Theydon Bois
Central,Leyton,Stratford
Central,Stratford,Mile End
Central,Holland Park,Shepherds Bush
Central,Notting Hill Gate,Holland Park
Central,Queensway,Notting Hill Gate
Central,Lancaster Gate,Queensway
Central,Marble Arch,Lancaster Gate
Central,Bond Street,Marble Arch
Central,Oxford Circus,Bond Street
Central,Tottenham Court Road,Oxford Circus
Central,Chancery Lane,Holborn
Central,Holborn,Tottenham Court Road
Central,St. Pauls,Chancery Lane
Central,Bank,St. Pauls
Central,Liverpool Street,Bank
Central,Bethnal Green,Liverpool Street
Central,Mile End,Bethnal Green
Central,Debden,Loughton
Circle,Edgware Road (Circle/District/Hammersmith and City),Baker Street
Circle,South Kensington,Gloucester Road
Circle,Moorgate,Liverpool Street
Circle,Barbican,Moorgate
Circle,Farringdon,Barbican
Circle,Kings Cross St. Pancras,Farringdon
Circle,Euston Square,Kings Cross St. Pancras
Circle,Great Portland Street,Euston Square
Circle,Baker Street,Great Portland Street
Circle,Gloucester Road,High Street Kensington
Circle,Temple,Embankment
Circle,High Street Kensington,Notting Hill Gate
Circle,Liverpool Street,Aldgate
Circle,Aldgate,Tower Hill
Circle,Sloane Square,South Kensington
Circle,Victoria,Sloane Square
Circle,St. James's Park,Victoria
Circle,Westminster,St. James's Park
Circle,Embankment,Westminster
Circle,Blackfriars,Temple
Circle,Mansion House,Blackfriars
Circle,Cannon Street,Mansion House
Circle,Monument,Cannon Street
Circle,Tower Hill,Monument
Circle,Notting Hill Gate,Bayswater
Circle,Bayswater,Paddington
Circle,Latimer Road,Ladbroke Grove
Circle,Royal Oak,Paddington
Circle,Westbourne Park,Royal Oak
Circle,Ladbroke Grove,Westbourne Park
Circle,Paddington,Edgware Road (Circle/District/Hammersmith and City)
Circle,Wood Lane,Latimer Road
Circle,Shepherds Bush Market,Wood Lane
Circle,Goldhawk Road,Shepherds Bush Market
Circle,Hammersmith (Met.),Goldhawk Road
District,Stamford Brook,Turnham Green
District,High Street Kensington,Notting Hill Gate
District,Turnham Green,Gunnersbury
District,Earls Court,West Kensington
District,Kew Gardens,Richmond
District,Fulham Broadway,Parsons Green
District,West Brompton,Fulham Broadway
District,Turnham Green,Chiswick Park
District,Chiswick Park,Acton Town
District,Acton Town,Ealing Common
District,Ealing Common,Ealing Broadway
District,East Putney,Southfields
District,West Kensington,Barons Court
District,Ravenscourt Park,Stamford Brook
District,Hammersmith (District),Ravenscourt Park
District,Earls Court,West Brompton
District,Earls Court,Kensington (Olympia)
District,Paddington,Edgware Road (Circle/District/Hammersmith and City)
District,Bayswater,Paddington
District,Bromley-by-Bow,Bow Road
District,Notting Hill Gate,Bayswater
District,Parsons Green,Putney Bridge
District,Putney Bridge,East Putney
District,Southfields,Wimbledon Park
District,Wimbledon Park,Wimbledon
District,Gunnersbury,Kew Gardens
District,Barons Court,Hammersmith (District)
District,Cannon Street,Mansion House
District,Monument,Cannon Street
District,Bow Church,Stepney Green
District,Bow Road,Bow Church
District,West Ham,Bromley-by-Bow
District,Plaistow,West Ham
District,Upton Park,Plaistow
District,East Ham,Upton Park
District,Barking,East Ham
District,Upney,Barking
District,Becontree,Upney
District,Dagenham Heathway,Becontree
District,Dagenham East,Dagenham Heathway
District,Elm Park,Dagenham East
District,Hornchurch,Elm Park
District,Upminster Bridge,Hornchurch
District,Upminster,Upminster Bridge
District,Stepney Green,Whitechapel
District,Whitechapel,Aldgate East
District,St. James's Park,Victoria
District,Westminster,St. James's Park
District,Temple,Embankment
District,Blackfriars,Temple
District,Mansion House,Blackfriars
District,Victoria,Sloane Square
District,Sloane Square,South Kensington
District,Embankment,Westminster
District,South Kensington,Gloucester Road
District,Gloucester Road,Earls Court
District,Earls Court,High Street Kensington
District,Tower Hill,Monument
District,Aldgate East,Tower Hill
DLR,London City Airport,King George V
DLR,King George V,Woolwich Arsenal
DLR,Beckton Park,Cyprus
DLR,Shadwell,Bank
DLR,Greenwich,Deptford Bridge
DLR,Island Gardens,Cutty Sark for Maritime Greenwich
DLR,Devons Road,Langdon Park
DLR,Pontoon Dock,London City Airport
DLR,West Silvertown,Pontoon Dock
DLR,Shadwell,Tower Gateway
DLR,Poplar,West India Quay
DLR,West India Quay,Canary Wharf
DLR,Canary Wharf,Heron Quays
DLR,Heron Quays,South Quay
DLR,South Quay,Crossharbour and London Arena
DLR,Crossharbour and London Arena,Mudchute
DLR,Mudchute,Island Gardens
DLR,Cutty Sark for Maritime Greenwich,Greenwich
DLR,Custom House,Prince Regent
DLR,Deptford Bridge,Elverson Road
DLR,Elverson Road,Lewisham
DLR,Poplar,Blackwall
DLR,Blackwall,East India
DLR,East India,Canning Town
DLR,Canning Town,Royal Victoria
DLR,Limehouse,Shadwell
DLR,Westferry,Limehouse
DLR,Poplar,Westferry
DLR,Canning Town,West Silvertown
DLR,Star Lane,Canning Town
DLR,West Ham,Star Lane
DLR,Abbey Road,West Ham
DLR,Stratford High Street,Abbey Road
DLR,Stratford,Stratford High Street
DLR,Gallions Reach,Beckton
DLR,Cyprus,Gallions Reach
DLR,Royal Albert,Beckton Park
DLR,Stratford International,Stratford
DLR,Stratford,Pudding Mill Lane
DLR,Pudding Mill Lane,Bow Church
DLR,Bow Church,Devons Road
DLR,Prince Regent,Royal Albert
DLR,Langdon Park,All Saints
DLR,All Saints,Poplar
DLR,Royal Victoria,Custom House
Hammersmith and City,Westbourne Park,Royal Oak
Hammersmith and City,Kings Cross St. Pancras,Farringdon
Hammersmith and City,Euston Square,Kings Cross St. Pancras
Hammersmith and City,Great Portland Street,Euston Square
Hammersmith and City,Baker Street,Great Portland Street
Hammersmith and City,Edgware Road (Circle/District/Hammersmith and City),Baker Street
Hammersmith and City,Paddington,Edgware Road (Circle/District/Hammersmith and City)
Hammersmith and City,Latimer Road,Ladbroke Grove
Hammersmith and City,Wood Lane,Latimer Road
Hammersmith and City,Shepherds Bush Market,Wood Lane
Hammersmith and City,Goldhawk Road,Shepherds Bush Market
Hammersmith and City,Farringdon,Barbican
Hammersmith and City,Barbican,Moorgate
Hammersmith and City,Moorgate,Liverpool Street
Hammersmith and City,East Ham,Barking
Hammersmith and City,Upton Park,East Ham
Hammersmith and City,Plaistow,Upton Park
Hammersmith and City,West Ham,Plaistow
Hammersmith and City,Bromley-by-Bow,West Ham
Hammersmith and City,Bow Road,Bromley-by-Bow
Hammersmith and City,Stepney Green,Mile End
Hammersmith and City,Whitechapel,Stepney Green
Hammersmith and City,Aldgate East,Whitechapel
Hammersmith and City,Liverpool Street,Aldgate East
Hammersmith and City,Hammersmith (Met.),Goldhawk Road
Hammersmith and City,Ladbroke Grove,Westbourne Park
Hammersmith and City,Royal Oak,Paddington
Hammersmith and City,Mile End,Bow Road
Jubilee,St. Johns Wood,Baker Street
Jubilee,Swiss Cottage,St. Johns Wood
Jubilee,Finchley Road,Swiss Cottage
Jubilee,West Hampstead,Finchley Road
Jubilee,Kilburn,West Hampstead
Jubilee,Willesden Green,Kilburn
Jubilee,Dollis Hill,Willesden Green
Jubilee,Neasden,Dollis Hill
Jubilee,Wembley Park,Neasden
Jubilee,Kingsbury,Wembley Park
Jubilee,Queensbury,Kingsbury
Jubilee,Canons Park,Queensbury
Jubilee,Baker Street,Bond Street
Jubilee,Bond Street,Green Park
Jubilee,Green Park,Westminster
Jubilee,Bermondsey,Canada Water
Jubilee,West Ham,Stratford
Jubilee,Canning Town,West Ham
Jubilee,North Greenwich,Canning Town
Jubilee,Canada Water,Canary Wharf
Jubilee,Stanmore,Canons Park
Jubilee,Canary Wharf,North Greenwich
Jubilee,London Bridge,Bermondsey
Jubilee,Southwark,London Bridge
Jubilee,Waterloo,Southwark
Jubilee,Westminster,Waterloo
Metropolitan,Farringdon,Kings Cross St. Pancras
Metropolitan,Northwood,Moor Park
Metropolitan,Moor Park,Croxley
Metropolitan,Harrow-on-the-Hill,West Harrow
Metropolitan,North Harrow,Pinner
Metropolitan,Pinner,Northwood Hills
Metropolitan,Northwood Hills,Northwood
Metropolitan,Croxley,Watford
Metropolitan,Northwick Park,Harrow-on-the-Hill
Metropolitan,Moor Park,Rickmansworth
Metropolitan,Rickmansworth,Chorleywood
Metropolitan,Moorgate,Barbican
Metropolitan,Liverpool Street,Moorgate
Metropolitan,Aldgate,Liverpool Street
Metropolitan,Chorleywood,Chalfont and Latimer
Metropolitan,Chalfont and Latimer,Chesham
Metropolitan,Chalfont and Latimer,Amersham
Metropolitan,Harrow-on-the-Hill,North Harrow
Metropolitan,Hillingdon,Uxbridge
Metropolitan,Ickenham,Hillingdon
Metropolitan,West Harrow,Eastcote
Metropolitan,Preston Road,Northwick Park
Metropolitan,Eastcote,Ruislip Manor
Metropolitan,Wembley Park,Preston Road
Metropolitan,Finchley Road,Wembley Park
Metropolitan,Baker Street,Finchley Road
Metropolitan,Great Portland Street,Baker Street
Metropolitan,Euston Square,Great Portland Street
Metropolitan,Kings Cross St. Pancras,Euston Square
Metropolitan,Barbican,Farringdon
Metropolitan,Ruislip Manor,Ruislip
Metropolitan,Ruislip,Ickenham
Northern,Clapham North,Stockwell
Northern,Clapham Common,Clapham North
Northern,Clapham South,Clapham Common
Northern,Balham,Clapham South
Northern,Tooting Bec,Balham
Northern,Tooting Broadway,Tooting Bec
Northern,Colliers Wood,Tooting Broadway
Northern,Morden,South Wimbledon
Northern,Kentish Town,Tufnell Park
Northern,Stockwell,Oval
Northern,Oval,Kennington
Northern,Kennington,Elephant and Castle
Northern,Camden Town,Chalk Farm
Northern,Chalk Farm,Belsize Park
Northern,Belsize Park,Hampstead
Northern,Hampstead,Golders Green
Northern,Golders Green,Brent Cross
Northern,Brent Cross,Hendon Central
Northern,Hendon Central,Colindale
Northern,Colindale,Burnt Oak
Northern,Camden Town,Kentish Town
Northern,Tufnell Park,Archway
Northern,Archway,Highgate
Northern,Highgate,East Finchley
Northern,East Finchley,Mill Hill East
Northern,East Finchley,Finchley Central
Northern,Finchley Central,West Finchley
Northern,West Finchley,Woodside Park
Northern,Woodside Park,Totteridge and Whetstone
Northern,Euston,Camden Town
Northern,Mornington Crescent,Camden Town
Northern,Elephant and Castle,Borough
Northern,Borough,London Bridge
Northern,London Bridge,Bank
Northern,Bank,Moorgate
Northern,Moorgate,Old Street
Northern,Old Street,Angel
Northern,Angel,Kings Cross St. Pancras
Northern,Kings Cross St. Pancras,Euston
Northern,Kennington,Waterloo
Northern,Waterloo,Embankment
Northern,Embankment,Charing Cross
Northern,Charing Cross,Leicester Square
Northern,Leicester Square,Tottenham Court Road
Northern,Tottenham Court Road,Goodge Street
Northern,Goodge Street,Warren Street
Northern,Warren Street,Euston
Northern,Euston,Mornington Crescent
Northern,Totteridge and Whetstone,High Barnet
Northern,South Wimbledon,Colliers Wood
Northern,Burnt Oak,Edgware
Overground,New Cross Gate,Brockley
Overground,Wapping,Rotherhithe
Overground,Woodgrange Park,Barking
Overground,Highbury and Islington,Canonbury
Overground,Canonbury,Dalston Junction
Overground,Haggerston,Hoxton
Overground,Hoxton,Shoreditch High Street
Overground,Shoreditch High Street,Whitechapel
Overground,Whitechapel,Shadwell
Overground,Brockley,Honor Oak Park
Overground,Shadwell,Wapping
Overground,Caledonian Road and Barnsbury,Highbury and Islington
Overground,Rotherhithe,Canada Water
Overground,Canada Water,Surrey Quays
Overground,Imperial Wharf,Clapham Junction
Overground,Surrey Quays,New Cross Gate
Overground,Wanstead Park,Woodgrange Park
Overground,Leytonstone High Road,Wanstead Park
Overground,North Wembley,Wembley Central
Overground,Wembley Central,Stonebridge Park
Overground,Stonebridge Park,Harlesden
Overground,Harlesden,Willesden Junction
Overground,Willesden Junction,Kensal Green
Overground,Kensal Green,Queens Park
Overground,Queens Park,Kilburn High Road
Overground,Kilburn High Road,South Hampstead
Overground,Gospel Oak,Upper Holloway
Overground,South Hampstead,Euston
Overground,Upper Holloway,Crouch Hill
Overground,Crouch Hill,Harringay Green Lanes
Overground,Harringay Green Lanes,South Tottenham
Overground,South Tottenham,Blackhorse Road
Overground,Blackhorse Road,Walthamstow Queens Road
Overground,Walthamstow Queens Road,Leyton Midland Road
Overground,Leyton Midland Road,Leytonstone High Road
Overground,Honor Oak Park,Forest Hill
Overground,West Brompton,Imperial Wharf
Overground,Kensington (Olympia),West Brompton
Overground,Penge West,Anerley
Overground,Acton Central,Willesden Junction
Overground,South Acton,Acton Central
Overground,Gunnersbury,South Acton
Overground,Kew Gardens,Gunnersbury
Overground,Forest Hill,Sydenham
Overground,Sydenham,Penge West
Overground,Anerley,Norwood Junction
Overground,Norwood Junction,West Croydon
Overground,Sydenham,Crystal Palace
Overground,Surrey Quays,Queens Road Peckham
Overground,Queens Road Peckham,Peckham Rye
Overground,Peckham Rye,Denmark Hill
Overground,Denmark Hill,Clapham High Street
Overground,Clapham High Street,Wandsworth Road
Overground,Wandsworth Road,Clapham Junction
Overground,Willesden Junction,Kensal Rise
Overground,Kensal Rise,Brondesbury Park
Overground,Shepherds Bush,Kensington (Olympia)
Overground,Willesden Junction,Shepherds Bush
Overground,Hackney Wick,Stratford
Overground,Homerton,Hackney Wick
Overground,Hackney Central,Homerton
Overground,Dalston Kingsland,Hackney Central
Overground,Canonbury,Dalston Kingsland
Overground,Richmond,Kew Gardens
Overground,Camden Road,Caledonian Road and Barnsbury
Overground,Kentish Town West,Camden Road
Overground,Gospel Oak,Kentish Town West
Overground,Hampstead Heath,Gospel Oak
Overground,Finchley Road and Frognal,Hampstead Heath
Overground,West Hampstead,Finchley Road and Frognal
Overground,Brondesbury,West Hampstead
Overground,Brondesbury Park,Brondesbury
Overground,Surrey Quays,New Cross
Overground,South Kenton,North Wembley
Overground,Kenton,South Kenton
Overground,Dalston Junction,Haggerston
Overground,Watford Junction,Watford High Street
Overground,Watford High Street,Bushey
Overground,Bushey,Carpenders Park
Overground,Carpenders Park,Hatch End
Overground,Hatch End,Headstone Lane
Overground,Headstone Lane,Harrow and Wealdstone
Overground,Harrow and Wealdstone,Kenton
Piccadilly,Leicester Square,Piccadilly Circus
Piccadilly,Covent Garden,Leicester Square
Piccadilly,Holborn,Covent Garden
Piccadilly,Russell Square,Holborn
Piccadilly,Manor House,Finsbury Park
Piccadilly,Piccadilly Circus,Green Park
Piccadilly,Green Park,Hyde Park Corner
Piccadilly,Hyde Park Corner,Knightsbridge
Piccadilly,Knightsbridge,South Kensington
Piccadilly,South Kensington,Gloucester Road
Piccadilly,Gloucester Road,Earls Court
Piccadilly,Earls Court,Barons Court
Piccadilly,Kings Cross St. Pancras,Russell Square
Piccadilly,Caledonian Road,Kings Cross St. Pancras
Piccadilly,South Harrow,Sudbury Hill
Piccadilly,South Harrow,Rayners Lane
Piccadilly,Cockfosters,Oakwood
Piccadilly,Oakwood,Southgate
Piccadilly,Southgate,Arnos Grove
Piccadilly,Arnos Grove,Bounds Green
Piccadilly,Bounds Green,Wood Green
Piccadilly,Wood Green,Turnpike Lane
Piccadilly,Turnpike Lane,Manor House
Piccadilly,Finsbury Park,Arsenal
Piccadilly,Arsenal,Holloway Road
Piccadilly,Holloway Road,Caledonian Road
Piccadilly,Barons Court,Hammersmith (District)
Piccadilly,Hammersmith (District),Turnham Green
Piccadilly,Acton Town,Ealing Common
Piccadilly,Ealing Common,North Ealing
Piccadilly,North Ealing,Park Royal
Piccadilly,Park Royal,Alperton
Piccadilly,Alperton,Sudbury Town
Piccadilly,Sudbury Town,Sudbury Hill
Piccadilly,Rayners Lane,Eastcote
Piccadilly,Eastcote,Ruislip Manor
Piccadilly,Ruislip Manor,Ruislip
Piccadilly,Ruislip,Ickenham
Piccadilly,Ickenham,Hillingdon
Piccadilly,Heathrow Terminals 1 2 3,Heathrow Terminal 5
Piccadilly,Heathrow Terminals 1 2 3,Heathrow Terminal 4
Piccadilly,Hillingdon,Uxbridge
Piccadilly,Turnham Green,Acton Town
Piccadilly,Acton Town,South Ealing
Piccadilly,South Ealing,Northfields
Piccadilly,Northfields,Boston Manor
Piccadilly,Boston Manor,Osterley
Piccadilly,Osterley,Hounslow East
Piccadilly,Hounslow East,Hounslow Central
Piccadilly,Hatton Cross,Heathrow Terminal 4
Piccadilly,Hatton Cross,Heathrow Terminals 1 2 3
Piccadilly,Hounslow West,Hatton Cross
Piccadilly,Hounslow Central,Hounslow West
Tramlink,Harrington Road,Birkbeck
Tramlink,Arena,Harrington Road
Tramlink,Woodside,Arena
Tramlink,Blackhorse Lane,Woodside
Tramlink,Addiscombe,Blackhorse Lane
Tramlink,Sandilands,Addiscombe
Tramlink,Lebanon Road,Sandilands
Tramlink,East Croydon,Lebanon Road
Tramlink,Wellesley Road,East Croydon
Tramlink,West Croydon,Wellesley Road
Tramlink,Centrale,West Croydon
Tramlink,Wandle Park,Reeves Corner
Tramlink,Reeves Corner,Centrale
Tramlink,Birkbeck,Avenue Road
Tramlink,George Street,Church Street
Tramlink,East Croydon,George Street
Tramlink,King Henry's Drive,New Addington
Tramlink,Fieldway,King Henry's Drive
Tramlink,Addington Village,Fieldway
Tramlink,Gravel Hill,Addington Village
Tramlink,Coombe Lane,Gravel Hill
Tramlink,Lloyd Park,Coombe Lane
Tramlink,Sandilands,Lloyd Park
Tramlink,Beckenham Road,Beckenham Junction
Tramlink,Avenue Road,Beckenham Road
Tramlink,Church Street,Centrale
Tramlink,Waddon Marsh,Wandle Park
Tramlink,Ampere Way,Waddon Marsh
Tramlink,Therapia Lane,Ampere Way
Tramlink,Arena,Elmers End
Tramlink,Wimbledon,Dundonald Road
Tramlink,Dundonald Road,Merton Park
Tramlink,Merton Park,Morden Road
Tramlink,Morden Road,Phipps Bridge
Tramlink,Phipps Bridge,Belgrave Walk
Tramlink,Belgrave Walk,Mitcham
Tramlink,Mitcham,Mitcham Junction
Tramlink,Mitcham Junction,Beddington Lane
Tramlink,Beddington Lane,Therapia Lane
Victoria,Oxford Circus,Green Park
Victoria,Stockwell,Brixton
Victoria,Victoria,Pimlico
Victoria,Pimlico,Vauxhall
Victoria,Vauxhall,Stockwell
Victoria,Warren Street,Oxford Circus
Victoria,Highbury and Islington,Kings Cross St. Pancras
Victoria,Finsbury Park,Highbury and Islington
Victoria,Walthamstow Central,Blackhorse Road
Victoria,Seven Sisters,Finsbury Park
Victoria,Tottenham Hale,Seven Sisters
Victoria,Blackhorse Road,Tottenham Hale
Victoria,Green Park,Victoria
Victoria,Kings Cross St. Pancras,Warren Street
Waterloo and City,Waterloo,Bank
